name,viaf,wiki,pages
Aagaard Christianus,310509088,Q924836,273
Abad Didacus,46805419,Q1220481,"297,298"
Abel Michael,62618473,Q1926739,"182,183"
Abraham Ecchellensis,,Q329959,325
"Abrami, Thomas de",,,101
Acernus: see Clonovius,,,
"Acevedo, Petrus P. de",43474977,Q55992594,108
Acidalius Valens,66563886,Q66909,"61,182,199"
Ackermann Johannes C.T.,,,192
Acosta Josephus,2465365,Q555476,"111,301"
Adolph Johannes Bapt.,,,186
Älf Samuel,17201320,Q6254347,278
Aegidius Viterbiensis,62342111,Q380652,120
Aeneas Habspurgus (novel),,,216
Aeneas Silvius Piccolomineus,307174275,Q101437,"25,30,42,57,58,74,77,83,85,86,91,131,136,178,179 191,210,240,274"
Aepinus (Hoch) Franciscus,313483192,Q94937211,255
Aeschylus,,Q40939,"3,14,93"
Aesopus,,Q43423,3
Aesticampianus Joannes,41271419,Q107183,182
Agathopedius Lucas,313483192,Q94937211,97
Aggaeus Fridericus,45149109,,260
Agricola Georgius,100164815,Q76579,192
"Agricola Rudolfus, Frisius",,Q365557,"83,109,149,178,180,182"
"Agricola Rudolfus, Rhaetus",,Q15901921,"83,170,178"
Agrippa de Nettesheim Henricus,,Q76568,130
Aicher Otto,88675904,Q15631735,186
Aixalà Hieronymus,35157340572209920866,,316
Alabaster William,34590507,Q3319086,166
Alapy: see Halapi,,,
Albanus Augustus,81379245,Q760785,261
Alberti Henricus,,,273
Albertus Leo Baptista,,Q182046,"45,57,104"
"Albrecht, Michael von",106962295,Q67518,186
Alciatus Andreas,,Q464471,"61,129"
Alecsandri Vasile,,,226
"Alegre Franciscus X.,",19758123,Q2060582,"297,298"
"Alembert, J. d'",,,47
Aler Paulus,46815703,Q552883,177
Alexander VII (= Fabio Chigi = Philomatus),89775498,Q127254,"63,153,172"
Alexander Aphrodisiensis,,,4
Alexander de Villa Dei,,Q692413,"55,150"
Alexicachos Hercules F.,5149717414810951680,,"84,85"
Alfonsus Hispanus (de Palencia?),,,104
Al-Hassan ibn Mohammed al-Wazzan: see Leo Africanus,,,
Allatius (Allacci) Leo,,Q725712,"85,86,325"
Alpinus Prosper,,Q538065,313
Aithusius Johannes,,,191
Altilius Gabriel,19636924,Q3756530,58
Alvarez Emmanuel,,Q3844794,"119,122,320"
"Amaral, Prudentius de",68031250,Q94575111,308
Amasaeus Romulus,,Q3940905,29
Ambrosius,,Q43689,230
Amerbach Johannes,84748673,Q69342,"206,210,211,213"
Amerio Romano,7416416,Q1310668,206
Ammonius Andreas,77136743,Q3615677,165
Amo A.G.,,Q595486,"311,312"
Anacreon,,Q213484,"154,169"
"Anchieta, Josephus de",17244299,Q317126,308
"Andrade, Jéronimo E. der",,,124
"Andreae, Johannes Valentinus",93141184,Q60854,191
Andreas Bernardus,,,"30,165"
Andreas Dominicus,,,106
Andrelinus Faustus,,Q3067464,"83,129,134,135,168"
Andronicus Tranquillus,22294763,Q16115490,"92,93,100"
Anglerius: see Martyr.,,,
Anonymus Cosmopolitanus: see Miñana J.E.,,,
Anonymus aulicus Transylvanus,,,291
Anonymus Ilihlbacensis,,,224
Anthologie Graeca,,,"4,78"
Antlthemius,,,244
Antoninus Johannes,,,234
Antonius Astesanus,,Q3619193,140
Antonius Nicolaus,,Q541378,113
Antonius Rhaudensis (da Rho),65524219,Q3620366,10
Anysius Janus,57152636163120103424,,58
Aphthonius,,,4
Apicius,191439325,Q117841,4
Apollonius Rhodius,,,4
Appendinus Franciscus M.,,,93
Appendinus Urbanus,,,93
Apuleius,32115433,Q170512,"4,32,189"
Aquilina A.S.,,,103
"Aquino, Carolus d'",59424781,Q21543924,64
Arator,,,4
Arcamone Ignatius,99922191,,"125,316"
Archdekin Richard,,,172
Archius Nicolaus,59996492,,30
"Arckel, Cornelius van",29960280,,7
Arcudius Petrus,,Q3903655,85
Arena Antonius,,Q2857526,145
Argentein Johannes,,Q6219350,165
Argyropulus Johannes,27074978,Q26648,87
Arioso Orazio,,,275
Ariosto Ludovico,71386455,Q48900,"29,45,58,107,108"
Aństophanes,,,4
Aristoteles,7524651,Q868,"5,14,85,112,123,124,312"
(Pseudo-) Aristoteles,,Q1783131,5
Armaforte Emmanuel,,,67
Arquer Sigismundus,3269572,Q3782346,67
Arrianus,,,209
Artiotus Michael,,,89
Arundinensis Johannes,263385553,Q55133344,246
Asclepius,,,4
"Assumpção, Joseph de",,,123
Astesanus: see Antonius.,,,
Athenaeus,,,312
Atrocianus Johannes,,,207
"Aubigné, Agrippa d'",56605227,Q334950,145
Audebertus Germanus,,,61
Audoenus: see Owen.,,,
"Augières, Albertus d'-",89029112,,138
Augustinus (Agustin) Antonius,,Q2535060,"111,116"
"Augustinus , Aurelius",,Q8018,"1,5,124,312"
Augustinus Moravus / Olomucensis,63369636,,"229,230"
Auratus (Dorat) Johannes,12307479,Q714921,"135,139"
Aurelius Cornelius,,Q2620215,150
Auriga: see Chartier.,,,
Ausonius,109786483,Q234593,"5,60"
Avancinus Nicolaus,,Q3340050,183
Avellanus Arcadius,89239495,Q4785199,"218,292"
"Avendaño, Didacus de",10065850,Q8471013,"301,306"
Aventinus Johannes,,Q61140,190
Avitus Alcimus,,,312
Αyllόn Joachim,,,301
Aymerichus Matthaeus,47101129,Q6005837,"47,48"
Ayto(u)n Robertus,,,169
Bacherus Jodocus,,,277
Bacon Franciscus,,Q37388,"164,166,302"
Badham Charles,,Q5075357,326
Badianus Johannes,,,299
Badin Stephen Th.,10091535,Q3592052,292
"Badius Ascensius, Jodocus",44352439,Q942766,130
"Baer, Karl E. von",,Q57190,"255,261"
Baiào Andreas,16539733,Q110137083,316
Balbinus Bohuslaus,,Q710504,232
Balbus Hieronymus,8092156012392249700005,Q673596,"83,129,134"
Balde Jacobus,36914132,Q65850,"10,20,23,183,186,200,204"
Balduinus Franciscus,,Q5493177,133
Balli Johannes Baptista,28656096,,298
"Balzac, Guez de",,,"127,132"
Bandellus Matthaeus,22150523,Q19054,"61,130"
Bando HenricusL.N.,,,250
Bing Petrus,,,276
Baptista (Spagnuoli) Mantuanus,27059664,Q810973,"32,59,153,268"
Barbarigo Gregorio,,,77
Barbarus Hermolaus,54942062,Q1236821,"83,88"
Barberini Matteo: see Urbanus VIII,,,
Barberius-Vèmars Josephus Nic.,,,113
Barbosa Aires,,,118
Barbu Nicolau,15981700,Q110089754,226
Barclaius Johannes,30425,Q1699269,"32,39,131,132,137,168,169,184"
Bardhi Fr.: see Blanchus Fr.,,,
Barcaeus Gaspar,,,"269,309"
Barletus Marinus,,Q464230,"88,89,90"
Baronius Bonàventura,198817134,,172
Baronius Caesar,17326794,Q317900,"62,190"
"Barros, Johannes de",17235538,Q703704,125
Barthius Gaspar,15563174,Q76182,"106,183,189,199"
Bartholdus Georgius,,,230
Bartholomaeus Francofordinus,,,217
Bartoli Alfredo,39773191,Q3611340,"65,102"
Bartolinus Caspar,20555797,Q264593,268
Bartolinus Caspar,66581681,Q537984,"265,268"
Bartolinus Thomas,27864975,Q365909,268
Barzaeus Johannes,52794843,Q1697218,207
Barzizza Gaspar,79253953,Q1236187,"56,97"
Basilius Magnus,,,5
Basilius Leonardus,,,225
Basinius Basinii,47108359,Q810182,"4,58"
Basinus Thomas,89665967,Q3524892,"128,131"
Baudelaire Charles,17218730,Q501,29
Baudius Dominicus,,,149
Baumgarten A. G.,73862436,Q76517,"191,204"
Bayer Theophilus Sigismundus,2488831,Q1539888,323:
Beatus Rhenanus,39415982,Q646092,189
Bebelius Henricus,24719906,Q454824,"182,199"
Becanus Gulielmus,45238547,Q59530431,"154,277"
"Beccadellius Antonius, Panormitanus",,Q599858,"58,67,104"
Becerra Alfredus,63736734,,300
Becichemus Martinus,89109505,Q6763694,"88,89"
Becker: see Pistorius R.,,,
Becmanus Christianus,348396,Q1078925,"28,42"
Beerbohm Max,,,164
Belago Melchior,,,126
Belius Matthias,,,"234,235"
Belius Carolus,,,"234,235"
Bellaius (Du Bellay) Joachim,39447168,Q18420,"29,46,47,48,61,105,127,136,140,142"
Belleau Remi,12304848,Q561709,136
Bello Andrès,22152206,Q439195,303
Bembus Petrus,54144140,Q334188,"29,45,59,129,165,284"
Benario Herbert W.,,,290
"Bencius Plautus, Franciscus",14926743,Q30014571,122
"Benedictus Laurentius, Nodozierinus",,,234
Benessa Damianus,,Q31198595,94
"Benignus: see Salviatis, G. de",,,
"Ben Jelloun, Tahar",61541657,Q334989,47
Bentley Richard,27862472,Q712899,166
Benvenutus Imolensis,,,46
Benzelius Ericus,9857012,Q1340404,277
Bergenhielm Johannes,15855827,Q5571604,277
Bergmann Johannes,,,279
Bering Vitus,,,"265,273"
Beristain J.M.,,,115
"Berlichingen, Joseph, Graf von",,,184
Bernardes de Sousa Enes Manuel,,,123
"Bernardi Paulus, Vidalinus",,,270
"Beroaldus Philippus, sr.",51797072,Q3071870,"118,128"
"Beroaldus Philippus, jr.",24651243,Q1413816,17
Berzeviczy Gregorius,18361923,Q715058,216
"Bessarion, Cardinalis",100183781,Q299446,85
Betulius (Birck) Sixtus,12346741,Q77979,187
Beveridge John,65413236,Q21524411,291-2
Beza Theodorus,66463755,Q314981,"127,133,135,137,175"
Bezdechi Stephanus,,,226
Bidermannus Jacobus,29576425,Q71316,"186,187,188"
Bielke J.,,,273
"Billy, Jacques de",,,140
Biondo: see Blondus.,,,
Biörnonis (Björnsson) Thorstenius,303152138582310977536,,269-70
Birck: see Betulius.,,,
"Bisconis, Andreotta de",,,101
Bisselius Johannes,14939863,Q1697264,"183,285"
Bizarrus Petrus,,,61
Blanchus (Bardhi) Francus,,,90
"Blarrorivo (Blarru), Petrus de",,,138
Blaskovits A.,,,217
Blesus: see Lebègue J.,,,
Blondel Maurice,,,127
Blondus (Biondo) Flavius,,Q434834,"45,57,80,121,149"
Blosius Palladius,,,74
Blutherus Gunno,272827931,,277
Boccaccio Giovanni,64002165,Q1402,"9,21,28,29,45,56,80,87,127,151,266"
Boccius (= Tragus) Anselmus,,,258-9
Bodinus Johannes,,Q190944,"30,127,133,140,312"
Bocce (Boethius) Henry,,,168
Böhm E.,,,324
Böhm Gulielmus,,,193
Boerhaave Henricus,,,155
Boethius,100218964,Q102851,5
Boethius de Dacia,173201157,,223
Boetius Matthias,,,266
Bogdan Bakchev P.: see Deodatus Petrus.,,,
Bohoric Adam,90637228,Q348832,97
Boiardo Matteo,,Q319557,58
Bojeris Laurentius,64424977,Q12662612,244
Boissard J.J.,14879685,Q714988,137
Bolaños Josè Maria,,,301
Bolyai Farkas,,,217
Bolyai Janus,,,217
Bonamicus Castruccius,120155505,Q2941531,66
Bonamicus Philippus Maria,57451362,Q3071874,66
(Pseudo-)Bonaventura,,,"23,24"
Bondin Gakbu,,,101
"Bonfinis, Antonius de",4989656,Q266482,215
Bonis: see Johannes de Bonis.,,,
Bonnefonius Johannes,,,"135,152"
Bonomus Petrus,,,96
"Bonstetten, Albrecht von",,,"206,209"
Bonus (Buniό) Johannes,,,94
Borbonius (Bourbon) Nicolaus,,,135
Borgo Pietro,39362533,Q23806333,276
Born Fredericus G.,52474966,Q100620,191
Bornmann Christianus,170580191,Q54506668,260
Borovskij Jacobus M.,248964111,Q692307,257
Borrichius Olaus,,,"267,273"
Borup Martinus,308759482,Q12327660,263
Boscovicius Rogerius,,Q310757,"94,99"
Bourbon: see Borbonius.,,,
Bourne Vincentius,,,"167,175"
Bovillus (Bolles) Carolus,,,133
"Boyssoné, Jehan de",,Q3175304,143
Braccius (Braccesi) Alexander,76428037,Q2832756,58
Brahe Tycho,73850627,Q36620,"192,231,265,268"
Brant Sebastianus,29530930,Q60351,182
Brecht(an)us Livinus,30350250,Q55876001,"108,151,186"
Brenderis Pr.,,,247
Breton: see Britannus.,,,
Brezovacki Titus,,,95
Briçonnet Germain,,,131
Briggs Henry,,,169
Brignoli Ferdinandus Maria,33528591,Q63806472,65
Britannus (Breton) Robertus,,,132
Brixius (de Brie) Germanus,,,"137,144"
Brodaricius Stephanus,,,"215,223"
Brooke Samuel,37267857,Q7410989,167
Broscius (Brozek ) Miecislaus,49634241,Q11019710,247
Broukhusius Janus,61896231,Q5587106,"152,204"
Browning Robert,,,18
Bruerius Desrivauxius Marcus,,,"93,130"
Brulovius Caspar,37720755,Q1047821,"187,188"
Brunius Carolus G.,,,279
Brunus Jordanus,68926311,Q36330,62
Brunus Leonardus,,Q314488,"8,14,31,45,57,70,128"
Brunus Ludovicus,78819129,Q55226065,149
Bruschius Gaspar,,Q1392240,230
Buchananus Georgius,105874857,Q715169,"32,130,168,295"
Budaeus Gulielmus,105878228,Q353668,"119,128,131,132,133,134,136,146"
Buialski Elias,,,256
Bultelius Ghislenus,,,"61,152"
Bunellus Petrus,18168004,Q3384228,132
Buniό: see Bonus.,,,
Burgundius Nicolaus,,,158
Burleigh Walter,86734224,Q1862572,21
Busbequius Augerius,76375795,Q647633,312
Burrus Petrus,253974435,Q18385021,"74,128,136"
Busleyden Hieronymus,,,149
Buxtorf Johannes,,,207
Caamaño P.,,,302
Cabacius Rhallus Demetrius,,,84
Cabacius Rhallus Manilius,,,84
Cabrera Christophorus,,,297
Caiadus Hermicus,59184917,Q18385046,"118,125"
"Caesar, C. Iulius",,,"5,290"
Caetano Josephus,,,123
Calaminus Georgius,29810342,Q1503883,187
Calcagninus Caelius,76366882,Q1107869,23
Caldanus Leopoldus,,,"66,67"
Caldanus Florianus,,,"66,67"
Calderon Pedro,,,"117,202"
Calentius Elisius,17300754,Q3051128,58
Callens Paul L.,,,293
Callimachus,,Q192417,242
Callimachus Experiens (Buonaccorsi) Philippus,9115159248533209481216,Q722544,"77,83,220,241,249"
Callistus Andronicus,316400439,Q3299494,4
Calenius Matthias,,,280
Calvidius Laetus: see Quillet.,,,
Calvin Jean,90631825,Q37577,"127,133,269,312"
Camerarius Joachim,2495607,Q64361,182
"Camöes, Luis de",34454091,Q590,"120,125"
Campanella Thomas,7387920,Q191850,"36,62"
Campanus Johannes Antonius,,,"59,179"
"Campanus Vodnianus, Janus",,,231
Campellius Ulricus,,,209
Campion Thomas,,Q455618,"20,167,175"
Camutius Andteas,,,210
Canisius Petrus,,,155
Cantalycius Johannes Bapt.,,,240
Cantemir Demetrius,61561051,Q159933,"223,225"
Cao(u)rsinus Gulielmus,,,86
Capece: see Capycius.,,,
Capellarius Michael,,,277
Capello Francisco,,,"302,304"
Capilupi fratres,,,61
Capitein Johannes E. J.,64053653,Q2465197,"311,312"
Capotius Priamus,,,83
Cappavallis Calcius,317276769,Q94914117,"130,291"
Captivus Septemcastrensis: see Anonymus,,,
Mühlbacensis.,,,
Capycius (Capece) Scipio,,,58
Carbonellus Petrus M.,100211996,Q545716,104
Carbonius Franciscus,68919629,Q3749730,68-9
Cardanus Hieronymus,27062058,Q184530,"62,63,130,210"
Cardosus Hieronymus,47131634,Q16832220,"119,120"
Carmelianus Petrus,39247607,Q18530665,165
Carmina Burana,,,"24,60"
Caro Miguel Antonio,36929873,Q887903,"27,42,300,301"
"Caroli Christiernus, Alander",56586189,Q63751403,278
Carolides Georgius,,,175
Carrara Hubertinus,88050261,Q47307825,285
Carstens A.G.,,,271
Cartari Vincenzo,,,21
Casa (Della Casa) Johannes,,,60
"Casas, Bart. de las",,Q207416,"111,284,301"
Casaubonus Isaac,56620173,Q436002,"208,209,243"
Case John,,,166
Cassarino Antonio,12079518,,14
Cassius Bartholomeus,,,94
"Castellanos, Juan de",61800896,Q3042774,300
Castellesius Hadrianus (Cardinalis),,,170
Castiglia Franciscus,,,101
Castiglione Baldassare,39446776,Q211133,60
Castorina Emmanuel,,,67
"Castro, Stephanus Rodr. de",,,122
"Castro Lopes, Antonius de",,,309
Cataldus Siculus,,,118
"Cato, M. Porcius",99852885,Q180081,6
Catullus,,Q163079,"6,16,54,152,181"
Caudsinus Nicolaus,,,"140,187"
Cavalchini da Villafranca Rinaldus,64880978,Q3935961,55
Caxaro Pietro,170177791,Q267687,101
Caxton William,,Q94608,149
Cebes,,,6
Cechov Anton,,,47
Celtis Conradus,,Q60625,"10,33,48,97,178,179,180-2,188,189,193,197,199,200,204,228,241"
Cereta Laura,35281942,Q3778073,31
"Cerva (Cervinus, Crijevié) Aelius",,,93
Cervantes de Salazar Francisco,97726457,Q5483256,296
Ceva Thomas,,,"28,64"
Chalcondylas Demetrius,,,87
Champier Symphorien,,Q369219,"129,142"
Chang V.,,,324
Chapman Fridericus H.,46894680,Q722241,279
Charles d'Orl€ans,,,"128,140"
Chartier (Auriga) Alain,57146825200007631661,Q982038,"128,140"
Chastellain Pierre,,,287
Cheeshahteaumuck Caleb,160591123,,289
Chifellius Henricus,311275341,,138
Chigi Agostino,,,74
Chigi Fabio: see Alexander VII.,,,
Chilianus Eques,9803265,Q1741286,23
Chladenius Johannes M.,66689269,Q90559,191:
Chorier Nicolaus,66465162,Q1235217,132
"Christina, Queen of Sweden",,Q52937,"63,64,276,281"
Christinaeus P.,,,311
Chrysoloras Manuel,90639363,Q434356,"84,87"
Chytraeus Nathan,,,61
Ciantar Johannes Ant.,,,"101,102"
"Cicero, M. Tullius",78769600,Q1541,"1,6,17,18,32,60,66,74,85,116,119,153,176,196,225,279,289,320"
Cicuta Aurelio N.(=Valerius Tronus),,,70
Ciesiulewicz Romanus,,,261
Cilicius Cimber: see Ranzovius H.,,,
Cippicus Coriolanus,,,77
Cisnero: see Jimenez.,,,
"Clamengiis, Nicolaus de",14893716,Q744014,"127,131"
Claudianus,246763674,Q205947,"6,32"
Clemens Alexandrinus,100185827,Q188883,124
"Clemens Zebracenus ,Venceslaus",31977095,Q112367396,"228,229,237"
Clenardus Nicolaus,59885698,Q549782,"150,311,313"
Clesius Bernardus,59192040,Q826269,77
"Clonovius (= Acernus), Sebastianus",12338481,Q176756,"242,243"
Clusius Carolus,,,"155,216"
Cnapius Gregorius,,Q5612521,"234,244"
Cobami Josephus,,,95
Coberus Theodorus,,,270
Cobet Carel G.,,Q743457,326
Cochanovius (Kochanowski ) Johannes,7428033,Q59737,"29,242,251"
Cochlaeus Johannes,4969350,Q64344,190
Codrus: see Urceus.,,,
Cohausen Johannes H.,59523179,Q105795,189
Coleiro Edward,113529711,Q109441701,103
Colet Johannes,34454805,Q957527,"164,165,166"
Collenuccius Pandulphus,34673342,Q3893150,135
Collinus Matthias,,,230
Collinus Theodorus,,,206
Colocci Angelo,,,"58,74"
Columbus Christophorus,17231583,Q7322,284-5
Columbus Jonas,,,277
Columella,95243635,Q318317,7
Comenius Janus Amos,,Q12735,"231,232,234,236,277"
Comes (Conti) Natalis,,,21
Commerson Philibert,,,326
Commirius Johannes,41849428,Q3171400,137
"Conceiçáo, Manuel da",,,123
Connybertus Alexander,45339277,,139
Constantinus Emmanuel,,,120
Contarini Francesco.,,,77
Conti: see Comes.,,,
"Conversinus Ravennas, Johannes",71412514,Q328150,215
"Cooke Elisha, Jr.",49656105,Q5361745,290
Copernicus Nicolaus,71389288,Q619,"178,247"
Corbiniana Sophia,163708935,Q99867723,31
Cordara Julius Caesar,,,66
Cordeiro Antonius,,,"122,123"
Cordus Euricius,122063278,Q96643,"48,88,182"
Corippus Cresconius,87951066,Q266239,7
Corneille Pierre,41838293,Q747,"59,217"
Corradus Quintus Marius,,,76
Corrarius Gregorius,18019094,Q3765384,59
Correa Thomas,35243714,Q59529727,121
Cortesius Paulus,,Q1847988,56
Corvinus Laurentius,20110921,Q73576,241
Corvinos Matthias,4938768,Q188634,"214,219,220"
Corycius (Goritz) Johannes,10693398,Q16439039,58
"Costa, Une! da",,,122
Cotta Johannes,71401598,Q3767063,58
Couplet Philippe,,,322
Coxius Leonardus,,,"170,240"
Cramer Gabriel,,Q122331,209
Craneveldius Franciscus,54955515,Q2178714,18
Crashaw Richard,22212841,Q553900,"49,167,175"
"Cremensis, Franciscus",,,"149,158"
Crescentius: see Increase.,,,
Crespo Nicolaus,,,301
"Creux, F. du",,,287
Cribellius Leodrisius,,,13
Cricius (Krzycki) Andreas,3542950,Q515151,242
Crijevié: see Cerva.,,,
Crivelli: see Cribellius.,,,
Cromerus Martinus,44288262,Q66649,245
Cropacius Caspar,18315526,Q12029090,230
"Crosnensis, Paulus",188916297,Q11814534,"239,242"
Crucius (De la Cruz) Ludovicus,,,"122,123"
"Cruz, Martinus de la",,,299
Csezmiczei: see Janus Pannonius.,,,
Cuiacius (Cujas) Jacobus,46894531,Q707285,134
Cunichius (Kunié) Raymundus,,,"94,99"
"Curtius, Quintus",,,"270,276"
Cusack Patrick,,,171
Cuspinianus Johannes,,,190
Czvittinger David,72553214,Q900129,215
Dactius (Dati) Augustinus,,,56
Dalberg Johannes,56762395,Q102253,182
Damalevicius Stephanus,56965758,Q62034606,245
"Damhoudere, Justus de",,,155
Dampetrus (Dampierre) Johannes,175198614,,136
"Dante, Aleghieri",97105654,Q1067,"19,29,33,41,51,52,54,55,78,79,86"
Dantiscus Johannes,5031671,Q1358292,"241,242,245"
Das Chagas Manuel,,,124
Dat(h)us (Dati) Leonardus,54461827,Q3830353,"45,59,79"
Dati: see Dactius and Dathus.,,,
Debes Johannes Jac.,,,270:
Decembrius Petrus Candidus,,,14
Decius Franciscus,,,"109,110"
Decius Jodocus,73844033,Q463808,170
Decius Justus,,,177
Dedekindus Fridericus,33069205,Q94910119,181
Dee John,39386049,Q201484,166
Deidrich Georgius,,,224
Delacroix D.,,,172
Delignières Carolus,,,139
Delille Jacques,,,140
Delrio Martinus A.,122217220,Q1343514,106
Demetrius Phalereus,,Q313286,7
Demosthenes,,Q117253,7
Dempster Thomas,4919523,Q672898,"169,173"
Denis Michael,32028043,Q494586,183
Deodatus (Bogdan) Petrus,47673907,Q7171687,"92,98"
Desbillons F. J.,,,137
Descartes Renè,41838958,Q9191,"14,31,127,134,276"
Desmasures: see Masurius.,,,
Despauterius Johannes,53924,Q598174,"150,268"
Deswert Johannes Chrysost.,,,156
Dethick Henry,,,166
Dhuoda,,,31
Dickens Charles,,Q5686,"151,167"
Didacus Pyrrhus = Flavius J. (Isaia Kohen),,,"93,122"
Diggle James,,,164
Diogenes Laertius,,,7
Dionysius Areopagita,,,7
Diplovatacius Thomas,10225077,Q7819064,85
Djurhuus J.H.O.,,,270
Dlugossius Johannes,56628654,Q326493,"240,244"
Dobrizhofer Martinus,52790306,Q347485,302
Dobsevage Alvin P.,,,293
Dodonaeus Rembertus,,,155
Doissin Ludovicus,37210564,,291
Doletus Stephanus,,Q1248100,"130,131,132,134,135,143"
Dolnicar: see Thalnitscher.,,,
Dominici Johannes,,Q640594,136
Donatus,,,"7,10"
Donatus Alexander,29870868,Q20203291,"186,187"
Donelaitis K.,,,247
Donne John,,Q140412,"166,175"
Dorat: see Auratus.,,,
Dornavius Caspar,140912,Q55124140,181
Dorpius Martinus,17233237,Q2050711,"3,151"
Dos Santos Valente A.L.,261550160,Q9619544,123
Douratus Constantinus,,,319
"Dousa Janus, Sr.",,Q1229819,"107,149,152,159,243"
"Dousa Janus, Jr.",,Q21545919,152
"Dragisić: see Salviatis, G. de",,,
Drexelius Jeremias,4921018,Q67095,191
Dubiecki Matthaeus,164845706,Q104814899,250
Dubois J.B.P.,,,140
Dubnavius Janus,,,"230,231"
Dudith Andreas,,,"215,217"
Dufresnoy Ch.A.,,Q1063557,138
Dugonicius Andreas,,,"214,216"
"Duyse, Prudens Van",,,156
Eberle Josef,100899683,Q98789,"33,186,247,261"
Eccius dedolatus,,,188
Eckard,,,138
Eder Franciscos Xaverius,120726739,Q953634,"235,302,306"
Egan Edward M.,89672403,Q712045,293
"Eguiara y Eguren, Johannes Jos. de",,,"296,300"
Eichenseer Caelestis,,Q124026,29
Ekius Nicolaus,290183417,Q15992029,259
Eleazar Indianus,,,289
Elezovitch Fr.,,,91
Elgers Juris,,,261
Eminescu Mihai,,,226
Engelstoft Laurids,,,266
Ennius,,Q47130,"8,55"
Ens Gaspar,,Q18945332,116
"Enzinas, Franciscus de",50672617,Q707429,106
Eobanus Hessus,71412338,Q532384,"48,181,182,207"
Ephemerides latinae,,,216
Epistolae Obscurorum Virorum,,,"32,42,189"
Erasmus Desiderius,,Q43499,"5,8,I1,15,16,20,21,22,31,32,36,39,41,42,57,60,70,93,104,106,109,115,118,125,128,130,131,132,133,135,149,150,151,158,165,168,I70,172,177,178,190,191,206,210,219,228,234,258,266,267,274,278"
"Espen, Sigerus van",,Q184457,155
Espencaeus Claudius,27148970,Q5128784,136
Espinosa Polit Aurelius,,,301
Esseiva Petrus,,,"208,212"
Estancel Valentino,84111089,Q7910813,308
Eucaedius Augustinus,,,260
Eucharius Eligius,,,151
Euler Leonardus,71412338,Q532384,"27,209,210,255"
Euripides,,Q48305,"8,150,168,187,243,312"
"Eyb, Albertus ab",,,180
Eyndius Jacobus,,,"152,154"
Faber Franciscus,,,199
Faber Stapulensis: see Lefèvre d'Etaples.,,,
Fabini Johannes Gottlieb,64352466,Q995330,226
Fabri Johannes,,,254
Fabricius Arnaldus,,,"126,132"
Fabricius Georgius,,Q71606,"10,200"
Fabricius Paulus,,,232
Facius Bartholomaeus,,Q809500,104
Faernus Gabriel,88354857,Q3094064,61
Fagellus Villaticus Simon,10191036,Q112369190,230
"Faggis, Angelus de",,,101
Fahlcrantz C.A.,,,279
Falconerius Octavius,,,277
Fallan Giovanni,,,290
Falster Christianus,,,"267,271"
Fara Johannes Franc.,,,67
Fara(d) or Hara(d) Martinus,,,319
"Fana, Thomas de",,,120
Farrugia Aloysius,,,102
Farrugia Nicolaus,,Q112539084,103
Febronius Johannes,,Q426954,192
Fekete Demetrius,,,226
Felmer M.,,,225
Fénélon François,61539997,Q310002,"107,140,291"
Ferich Georgius,3296751,Q8079902,100
Fernandez Johannes,,,121
"Ferrariis Galateus, Antonius de",102733,Q3619505,76
Ferrarius Joannes Baptista,,Q23894925,63
Ferretus Vicentinus,,,"54,55"
Ferrius Hieronymus,,,47
"Fiano, Franciscus de",,,119
Fichet Gulielmus,76350813,Q331154,"128,131,147"
Fichte Johann G.,,Q102585,127
Ficinus Marsilius,,,"14,60"
Filelfus: see Philelphus.,,,
Filiczki de Filifalva Johannes,,,234
Filippo da Rimini,,Q97703958,77
Filstich Johannes,37274418,Q12731397,225
Finckius Thomas,,,268
"Flacius Illyricus, Mathias",,Q435311,"94,190,203"
Flaminius Marcus Antonius,,Q351485,"61,152"
Flavius J.: see Didacus.,,,
Flayderus Fridericus H.,15563784,Q1459661,199
Flemingus Johannes,,,154
Flemingus Paulus,,Q77418,183
Flemming Robertus,,Q7344391,165
"Florian, J.P. de",,,137
Floriantschitsch Johannes Steph.,,,98
Florius Franciscus,,,131
Florus,,,"108,245"
Fludd Robert,,Q453697,166
Folengo Teofilo,,,60
Follisius (Foullis) Jacobus,,,"130,168"
"Fonseca, Petrus de",68979762,Q1365381,122
Fontius Bartholomaeus,,,4
Forbes John,,,169
Forcellini Aegidius,,Q550353,67
Forestus Johannes,,,19
Forgacz Michael,,,30
Formosa Giovanni,446159474324227662702,,102
Formosa Salvator,,,102
Fornelius Lars,,Q5736376,277
Forskai Petrus,,,280
"Fortis (Sterck) a Ringelberg, Joachim",,Q720419,130
Foscolo Ugo,,Q166234,64
Foster Reginald,316559644,Q1218992,293
Foullis: see Follisius.,,,
Fox Morcillus Sebastianus,89656569,Q7442644,"106,111,112"
Foxe Johannes,32005978,Q380961,166
Fracastorius Hieronymus,32017562,Q318593,"20,62,225,284,285"
Fraguerius Claudius Fr.,,,147
Franciscus Cremensis,,,"149,158"
Franciscus (Frandsen) Johannes,69743947,Q110222791,"264,265"
Franck von Frankanstein Valentinus,,,225
Fredro Andreas Max.,44515461,Q648051,245
Freinshemius Johannes,82776509,Q85927,276
Freire Antonius,84501706,Q12898762,123
Frendo Christophorus,,,102
Frenzelius Salomon,,Q55098583,"199,259,260"
Frischlinus Nicodemus,51787739,Q72975,"188,199,231"
Frobenius Johannes,7440203,Q116611,210
Froës Ludovicus,,,320
Fronius Marcus,25470125,Q96697,"224,225"
"Frulovisiis, Titus Livius de",44738753,Q2436996,165
Füglistaller Leonhard,54942920,Q94789044,208
Fiirstenbergius Ferdinandus,,,"63-4,183"
Fuss Johannes Dominicus,68890752,Q1246066,"24,27,28,154"
Gabler Matthias,,,263
Gadolinus Johannes,807177,Q312571,280
Gaertner Johannes Alexander,48442861,Q12900481,292-3
Gager Gulielmus,37711092,Q8009615,167
Gagliuffus Faustus,,Q55227915,"29,95"
Gaguinus Robertus,14908169,Q3129976,"128,131,136,146"
Galante Hippolytus,,,65
"Galat(h)eus: see Ferrariis, Antonius de.",,,
Galenus,,Q8778,"8,234"
Galilei Galileo,2470550,Q307,"63,192"
Gallus Aegidius,,Q96439900,74
Gallus Antonius,,,284
Galluttius Tarquinius,57548384,Q21545736,63
Galvani Luigi,74068991,Q1589,66
Gambara Laurentius,44396441,Q16573531,"61,105,285"
"Ganda, Theocritus a: see Heinsius Daniel.",,,
Gansiniec Richard,,,248
Gantar Caietan,,,98
Garai Stephanus,40834417,Q1008130,217
Garbitius Matthias,5682091,Q125329,93
Garcilaso de la Vega,,,"105,107"
Garissolius Antonius,9473548,Q50826757,138
Garson Ronlad,,,326
Gaspari (Jespersdn) Gaspar,,,"263,264"
Gassendus Petrus,,Q192315,134
Gauci Paulus,,,103
Gauss Carl Friedrich,,Q6722,"27,44,190"
Gaza Theodorus,100189101,Q287485,85
Gazulli fratres,,,89
"Geiler von Kaysersberg, Johannes",,,196
Gelli Gian Battista,,,51
Gellius Aulus,,Q294800,"8,267"
Gemma Cornelius,,Q660644,232
Gemma Frisius,27696789,Q455406,155
Genovesi Victorius,45228672,Q429516,"27,65"
Gentilis Albericus,,Q1445910,"61,62,166"
Geoffrey of Monmouth,89028232,Q188344,170
Georgievitz Bartholomaeus,,Q12627648,224
Georgius (Frater) O.P.: see Anonymus Mühlbacensis,,,
Georgius Trapezuntius,102317361,Q533514,85
Geraldinus Alexander,,,"284,296"
Geraldinus Antonius,,,269
Gerbillon P.,,,43
Gerhard Laurentius,,,192
Gerner H.,,,273
Gerson Johannes,100160310,Q281179,"127,128,144"
Gesnerus Conradus,,Q60116,"208,209,210,236"
Geulinx Arnoldus,,Q316559,155
Gezelius Johannes Sr.,,,278
Gezelius Johannes Jr.,,,278
Gezelle Guido,,,"156,160"
Gherus Ranutius: see Gruterus Janus.,,Q64263,
Ghibbes: see Gibbesius,,,
Giannettasius Nicolaus,54292153,Q547891,"28,64"
Gibault H.G.,,,48
Gibbesius Jacobus A.,,,61
Gide André.,,Q47484,31
"Gil Polo, Gaspar",99469137,,189
Giovanni: see Johannes.,,,
Giovio: see Jovius .,,,
Giraldes Franciscus,,,120
Giraldus Cambrensis,,,"170,174"
Giraldus Lilius Gregorius,,Q448191,"21,23"
Girardini Louis Hue,,,292
"Gisbice , Paulus a",,,230
Glad: see Laetus .,,,
"Glandières de Balsac, Ludovicus",,,139
Glareanus Henricus,,Q124070,"206,209,210"
Glass Francis A.M.,,,290
Gnapheus Gulielmus,37073404,Q777548,"108,151,186,241"
"Gods, Damianus a",,,"120,121"
Goethe Johann W.,24602065,Q5879,"19,184,204"
Gomes de Lisboa,,,125
Gómez de Castro Alvarus,,Q6172688,110
González Thomas,,,297
Goritz: see Corycius.,,,
Goslicius Laurentius,,,246
Gott Samuel,24772205,Q7411514,165
Gouffaux Aemilius,,,156
Gouvea Andreas,,,"121,130"
Gouvea Antonius,,,"121,130"
Goynaeus Johannes Baptista,37731573,,"96,97"
Gradius Stephanus,,,94
"Grado, Jacobus de",,,299
Grammatici Latini,,,8
Grasser Johannes J.,,,207
Gratiadei Antonius,307313458,Q106811265,158
Gratius Ortuinus,100274693,Q4148122,189
Graves Robert,,,164
Gravina Gianvincenzo,,,64
Gray Thomas,,,167
Gregorius XIII,,,319
Gregorius Nazianzenus,,,8
Gregorius Nyssenus,,Q191734,"8,312"
Gregorius Samboritanus,88870379,Q12097735,239
Gregory David,,,169
Gregory James,,,169
Gretser Jacobus,59214175,Q97263,"26,188"
Griffith John,,,164
Grimm Jacob,,,49
Gnodzicki St.anislaus,,,246
Grotius Hugo,,Q154959,"42,62,112,154,155,199"
Gruterus Janus (Ranutius Gherus),,Q64263,"80,146,152,154,161,204"
Gualtherus (Gwalther) Rudolfus,,,208
Guarinus Baptista,,,56
Guarinus Veronensis,,Q539577,"8,31,45,56,60,73,78,215,299"
Guarna Andreas,,,26
Gudelinus P.,,,311
"Guericke, Otto von",39420589,Q60095,192
Guilandinus Melchior,,,313
Guillemain Franciscus,,,209
Guinisius Nicolaus,,,63
Gulielmus Tyrius,262737778,Q311822,86
Gunnarssan Halyard,,,269
Gustafsson Fridericus,,,279
Guyet Franciscus,17329116,Q1451058,132
Gwalther: see Gualtherus.,,,
Hadrianus Marius,71645733,Q4961044,"152,153"
Hagecius Th.,,,231-2
(H)alapi Constantinus,,,216
Haliste P.,,,259
Hall Joseph,,,165
Halldórsson Björn,121021851,Q3962751,270
"Haller, Albert von",49234879,Q123225,"208,209,210"
Halley Edmund,71400665,Q47434,166
Haloinus Cominius Georgius,100289355,Q42909781,"30,45,158"
Hafer Georgius,,,225
Hanno Carthaginiensis,29675181,,"8,209"
Hara(d): see Fara(d).,,,
Harasiewicz Michael,161545466,,248
Harderus Henricus,47834426,Q107481812,"265,273"
Hartman Johannes J.,,Q2761437,156
Harveius Gabriel,3250080,Q1275841,166
Harveius Gulielmus,29584187,Q93128,166
Haslobius Michael,77130824,Q1927719,182
"Hasselgreen, Elias Petri",,,278
Hassensteinius a Lobkowicz Bohuslaus,,Q694513,"23,30,32,228,229,230,237"
Haveman Georgius,,,"275,276`"
"Havre, Johannes van",10143765,Q94893537,154
Hayneccius Martinus,,,188
"Hazardière , Petrus de la",4964793,,"128,147"
Hedwig Johannes,,Q64256,"225,226"
Hegel Georg W.Fr.,89774942,Q9235,127
Hegelund Petrus,37998906,Q5796997,"266,273"
Hegius Alexander,192483375,Q706796,180
Heidensteinius Reinoldus,,Q103074,"245,246"
Heinsius Daniel,56635500,Q918731,"145,149,152,154,155,159,229,269"
"Heinsius Nicolaus, sr.",95302161,Q510116,"61,152,154"
Heliae (Helgesen) Petrus,,,266
Helianus Ludovicus,,,129
Heliconius (Hilchen) David,35268419,Q4497628,259
Heliodorus,,Q313011,8
Helmontius Johannes Baptista,32800169,Q294169,"155,225"
Hemmy Gisbertus,,,312
Hémon Louis,36919573,Q561378,31
Hemsterhusius Tiberius,15057396,Q741901,28
Henricpetri (Henricus Petrus),106970891,Q55842868,210
Henricus Lettus,,,258
Henry VIII,172419710,Q38370,166
Herbenus Mattaheus,,,149
Herbersteinius Sigismundus,,Q700720,"30,96,97"
Herbert George,71487054,Q317887,"167,171,175"
Herdtrich Chr.,,,322
Hermannus Daniel,,,"239,240,260"
Hermannus Gulielmus Goudanus,137145544176196660008,Q19209594,150
Hermelinus Olaus,10763998,Q432895,"260,274,275"
Hermerica,,,9
Hermogenes Tarsensis,,,9
Herodotus,,,9
"Herrera, Cyprianus de",,,301
Hesiodus,,,93
Hessler Franciscus,22902216,Q65013951,317
Hieronymus (Sanctus),95147024,Q44248,"1,9,25,32"
Hieronymus Papiensis,200196685,,"129,142"
Higham Thomas F.,,,164
Hilchen: see Heliconius,,,
Hildegardis Bingensis,87772061,Q70991,31
Hilduinus,,,7
Hinderbach Johannes,,,77
Hippocrates,,,9
Hobbes Thomas,,,166
Hoddeiovinus Johannes,,,"228,237"
Hoeufft Jacobus H.,15548571,Q3805782,156
"Hojeda, Diego de",27318897,Q2877871,59
Holberg Ludovicus,,Q216692,"27,172,265,267,268,271"
Holstenius Lucas,,,325
Homerus,,Q6691,"4,9,130,185,209,298"
(Pseudo-)Homerica,,,9
Honerdus Rochus,36828811,Q56006640,154
Honterus Johannes,,Q738256,224
Hontheim: see Febronius.,,,
Hopkins G. Manley,9847864,Q313693,167
Hopner Johannes,,,"265,273"
Horapollo,250688796,,9
Horatius,,Q6197,"1,9,10,32,63,70,100,135,167,181,200,242,243,251,265,268,284,295-6,306,312,320"
Horatius Romanus,,Q88201937,32
Horcicky: see Sinapius.,,,
Horius Nicolaus,,,135
Hortensius Maurus,40480047,Q15432608,"62,204,275"
Hosius Stanislaus,66506400,Q61962,246
Hospitalius (de L'Hospital) Michael,100198491,Q551804,135
Hosschius Sidronius,45131215,Q7509501,"107,154"
Hotman Franciscus,44300253,Q561737,133
Housman Alfred E.,49249069,Q351410,166
Hroswitha,9927322,Q170248,"23,31,136"
Huetius Daniel,,,147
Hugenius: see Huygens,,,
Hugo Hermannus,,,154
Hussovianus Nicolaus,171323238,Q1376763,239
Huttenus Udalricus,,Q77107,"29,30,48,96,181,182,189,191,274"
Huxley Herbert H.,,,287
Huygens (Hugenius) Constantinus,12442894,Q560746,49
Ibrahim al-Hàkilánl: see Abraham Ecchellensis.,,,
Ilowski Stanislaus,,,245:
Immé Antonino,,,48
Immé-Métais Geneviéve,,,"31,48"
Increase (Crescentius ) Mather,56653545,Q2632251,290
Index librorum prohibitorum,,,60
Ines Albertus,19660223,Q4200968,243
Innocentius III,,,"22,23"
Innocentius VIII,,,74
Institoris Henricus,100281294,Q61019,191
Institoris Michael,25152820105000681419,Q112521351,234
Intorcetta Prosper,45107415,Q3924133,322
"Iriarte, Johannes de",17575244,Q932759,"107,108"
Irsy Josephus,,,217
Isocrates,,,10
Istvànffy Nicolaus,76444890,Q900908,"215,216"
Iturriaga Josephus M.,,,297
Ivorra Martinus,,,109
Jacobaeus Jacobus,,,234
Jacobaeus Matthias,,,275
Jacobus de Voragine,,,23
Jallosics J.Andreas,,,216
Jani (Jensen) Clemens,,,270
Janicius Clemens,57967892,Q1774024,"234,242"
Janssonius Johannes,34144648241061498880,,281
Janus Claudius,,,265
Janus Pannonius,,Q360094,"39,178,214,215,216"
Janus Secundus,,Q614229,"59,61,118,129,151,152,153,158,184,199,242"
Jaurès Jean,,Q12688,127
Jespersbn: see Gaspari.,,,
Jessenius Johannes,,Q699651,234
Jetzler Petrus Johannes,,,210
Jimenez Cisnero Francisco,86852237,Q342392,"110,111"
Johannes XXIII,,,46
Johannes-Paulus II,,,"246,247"
Johannes de Bonis,,,7
Johannes Duns Scotus,120697851,Q190089,"23,172"
Johannes ab Hoveden,,,29
Johannes de Monsteriolo: see Montreuil.,,,
Johannes Noviforensis (von Neumarkt),22528571,,"155,229"
Johannes de Pibra,,,32
Johannes Ravennas: see Conversinus.,,,
Johannes Visliciensis,54135810,Q3505401,"242,244"
Johnson Samuel,7406725,Q183266,166
Johnston Arthur,,,"169,176"
Jonae (Jónsson) Arngrimus,32035838,Q693531,269
Joncre Johannes,,,244
"Jones, Sir William",,,317
Jordanus Thomas,,,225
Jordensius Gerardus,282912583,Q3104310,"152,154"
Josiύ Blasius,,,91
Josset Pierre,,,134
Jouffroy Jean,,Q592641,132
Jouvency: see Juvencius.,,,
Jovanovich Eric,,,287-8
Jové Emmanuel,,,113
Jovius (Giovio) Paulus,64015055,Q437543,62
Joyce James,44300643,Q6882,119
Juhàsz Ladislaus,55125461,Q27994000,217
Julianus Apostata,,,10
Julius II,,,"58,I20"
Juslenius Daniel,,Q3356596,278
Justinianus,,,24
Juusten Paulus,,,"274,275"
Juvenalis,83985148,Q193800,"10,101,119,293,295"
Juvencius (Jouvency ) Josephus,121702297,Q3185841,"140,Ι87"
Kaempfer Engelbertus,,,192
Käsenbrot: see Augustinus Moravus.,,,
Kaldenbachius Christianus,,,183
Kalinski Johannes Damascenus,,,243-4
Kan J.,,,324
Kanon Andreas,163509519,Q100327291,243
Karamaneo Matijasevi Antonius,,,93
Karoch Samuel,10640692,Q4215612,180
Kant Immanuel,,,"127,191"
Katancic Matthias P.,,Q1038381,"95,100"
Kazarow G. I.,120702548,Q2698378,92
Kepler Johannes,,,192
Ker John,5083666,Q15524992,169
Kerckmeister Johannes,315073691,Q92464413,180
Kinaloch: see Kynalochus.,,,
Kircher Athanasius,31998409,Q76738,"36,192,323"
Klose E.,,,28
"Knobelsdorff, Eustachius de",66586092,Q104474,130
Knopken A.,151746467,Q95182,258
Knuyt van Slyterhoven Hermannus,,,118
Kochanowski: see Cochanovius.,,,
Kocianciύ Stephanus,,,98
Kojalovicius Adalbertus,,,245
Kolar A.,,,233
Kollär J.,,,234
Konarski Stanislaus,,Q314261,"244,246,249"
Kopievskij Elias Fedorovich,,,254
Korsch Theodorus,,,256
Kositzki Gr.,,,256
Koutroubas Demetrius E.,101142863,,86
Krajskij P.,,,255
Kromer: see Cromerus.,,,
Krzycki: see Cricius.,,,
Kuchler Johannes,,,241
Kulczynski Ignatius,29923910,Q4246763,248
Kumaniecki Casimir,,Q11737849,247
Kuniύ: see Cunichius,,,
Kurren Carolus Ph. Fr.,,,185
Kuypers Gerardus,,,315
Kvetnickij Theodorus,,,255
Kynalochus David,,,169
Labrosse Joseph (Angelus a S. Josepho),,,315
Lackner Christophorus,333050,Q1127235,220
Lacoste Emile,,,139
Lactantius,,,10
Laetus (Glad) Erasmus M.,69090468,Q5760765,264
Laevinius: see Livinius.,,,
"La Fontaine, Jean de la",,,"137,150"
Lagalla Julius Caesar,5269694,,86
Lambard William,,,166
Lambinus Dionysius,100217572,"Q110581544,Q1187482",146
"Lamport, Guillén de",,,297
Lance William,,,290
Landinus Christophorus,30887708,,58
Landivar Raphael,64109439,Q1216154,"300,303"
Landor Walter S.,46796707,Q645138,"27,167,175"
Lanfredinus Ursinus,,,74
Lang Franciscus,,,187
Langius Rudolfus,17608137,Q113004,180
"Lapide, Cornelius a",,,"155,287"
Latinus Johannes,,,"311,314"
Lauremberg Johannes,,,"183,188,263"
Lauterbachius Johannes,,,182
Lazar Janos,,,217
Lazarellus Ludovicus,,Q683317,4
Lazarescu Traianus,70439970,Q15427785,226
Lebègue J.,,,128
Lebel Johannes,,,225
Leech: see Leochaeus.,,,
Lefèvre d'Etaples (Faber Stapulensis) J.,100170223,Q356513,"128,131,132"
Legge Richard,,,167
Leibniz Gottfried W.,9849392,Q9047,"113,127,184,191,204,323"
Leigh Michael,,,269
Le Jay Gabriel,59108121,Q94915114,140
Lelandus Johannes,14849374,Q1398356,167
Lenard Alexander,,,218
Lemnius Simon,,Q122070,"178,207,208,209,213"
Leo X,96579640,Q49237,"58,74,102,239,313"
Leo XIII,,Q43922,"42,65,"
Leo Africanus (Al-Hassan ibn Mohammed al-Wazzan),,,313
Leochaeus(Leech) Johannes,,,169
Leopardi Giacomo,12311353,Q172599,64
Lernutius Janus,42769155,Q2537143,"152,154"
Leroy (Regius) Ludovicus,,,249
Lessing G.E.,9849550,Q34628,"137,184,185"
Lessius Leonardus,,,155
Leutholf: see Ludolphus.,,,
Lummenaeus a Marca Jacobus,1396152636173620084736,Q112481178,"61,74"
Leverett John,,,290
Lund Zacharias,72249571,Q139517,265
Libanius,,,"10,11"
Lupeius Alfonsus Cureleanus,,,231
Libavius Andreas,,,192
Lupus Ferrariensis,2478602,Q675928,22
Libenus Johannes,,,154
Lutherus Martinus,14773105,Q9554,"127,133,181,190,191,207,224"
Ligurinus,,,23
Linacre Thomas,,,"165,166"
Luxdorphius B.W.,66805735,Q3481216,"265,272"
Linnaeus Carolus,34594730,Q1043,279
Ly Andreas,,,323
Liperi Antonius,,,68
Lymvicus Andreas,,,"61,265"
Lipsius Justus,,Q315871,"42,61,149,153,159,166,171,182,189,220,232,243,259"
Mabillon J.,,Q354563,134
L'Isle: see Menapius.,,,
Macchiavelli N.,,,60
Livinius (Laevinius) Apollonius,,,284
Macedo Franciscus,,,277
"Livius, Titus",99942145,Q2039,"11,240,267,276"
McEncroe: see Delacroix,,,
"Llanos, Bernardinus de",,,"297,306"
Macrinus Salmonius,,Q1685811,"29,135"
Lobelius Matthias,62480800,Q1860320,155
Macrobius,39387062,Q313934,12
Loccenius Johannes,,Q5962036,276
Macropedius Georgius,,,"151,160,186"
Locke John,,,166
Madsen Jacobus,33146825101507631527,Q12318967,267
"Lombardus Petrus, Hibernus",,,171
Madvig J. N.,,Q708414,267
Lomonossov Michael V.,46896023,Q58720,255
Maffacini Henricus,,,300
(Pseudo-)Longinus,,,"11,210"
Maffei Johannes P.,95224833,Q324040,"63,316"
Longinus: see Dlugossius.,,,
Magni Nicolaus,,,275
Longolius (de Longueil) Christophorus,,,"15,132"
Magnus Johannes,,,275
Magnus Olaus,12358154,Q315804,"275,283"
Ldnnrot Elias,,,280
Mahne Willem,52523227,Q55233301,154
López Johannes Fr.,,,303
Mai(o)r Jo(ha)n(nes),,,168
López Bravo Mathaeus,,,112
Makin Thomas,,Q94140015,289
López Soto Victor,,,113
Malapertius Carolus,89295135,Q744091,154
Lorenzo de Medici,,Q177854,45
Maldonado Johannes,71495510,Q352804,"108,110"
Loschi ( De Luschis) Antonius,,Q2857327,59
"Malinovski, Michael de",,,248
Lotharius Cardinalis: see Innocentius III,,,
Mambrun Petrus,62625580,Q55874834,138
Lotichius Petrus Secundus,,Q14933262,"152,181,199,204,207,242,265"
Mancinellus Antonius,,,"56,268"
Manetti Agnolo,,,9
Lovato (Lupatus) Lovati,112144648445934993408,Q1091362,"54,55"
Manilius,,,12
Loz Poninski Antonius,,,243
Mannelli Soverio,,,292
Lucanus,,Q188646,"11,230,246,295"
"Manuel, King of Portugal",,,120
Lucas (Frater),,,18
Manutius Aldus,,,13
Lucesole Aloysius,,,302
Manzanares Ferdinandus,,,104
Lucet J. J.,,,138
Manzoni A.,,,"29,64"
Lucianus,,Q177847,11
"Mara, Gulielmus de -",,,135
Lucretius,,Q47154,"11,168,298"
Marchesius Franciscus Aelius,120315671,Q88195433,7
Luder Petrus,,Q89882,180
Marcus Aurelius,,,47
Ludolfus de Saxonia,,,23
"Mariana, Johannes de-",89794074,Q939889,"110,112"
Ludolphus (Leutolf) Hiob,,,313
Marineus Lucius,,,104
"Ludzisko, Johannes a",,,240
Marivorda Adeodatus,,,84
Luis de Leon,,,107
Marracci Ludovicus,61585369,Q780362,315
Lukacsi Christophorus,,,224
Marrasius Johannes,219661074,Q99308713,"58,67"
Marschalk Nicolaus,,,182
Martialis,8099277,Q2098,"12,88,101,170"
Martianus Capella,,Q348408,12
Martinek Jan,,,233
Martinelli Nel'o,,,65
Martinius: see Mortensen.,,,
Martinus de Dacia,,,223
Martyn John,,,325
Martyr Anglerius Petrus,,,"104,110,284"
"Marullus Tarchaniota , Michael",,Q672824,"84,88,89"
Marulus Marcus,19697406,Q336571,"93,94,100"
Masenius Jacobus,,Q97336,"186,188,217"
Massiaeus Gulielmus,73843977,Q3120080,138
Masurius (Desmasures) Ludovicus,,,130
Mather Cotton,,Q380719,291
Matier Kenneth,,,312
Mathias Miechovita,7515044,Q2452397,245
"Maupassant, Guy de -",29537765,Q9327,218
Maurocordatos Alexander,,,85
Maurolycus Franciscus,34537888,Q736315,85
Maurus Hortensius,,,"62,204,275"
Maximianus Etruscus,,,"7,12"
Maximilianus Transylvanus,,,216
Mayansius Georgius,34477965,Q3116338,111
Mayre John,,,"103,138"
Mazarin (Cardinal),,,137
Mazzolari: see Parthenius.,,,
Medius (Mezzo) Thomas,,,89
Meggle Basilius,170881857,Q810165,185
Mehus Laurentius,10132569,Q20661806,66
Melanchthon Philippus,76319978,Q76325,"48,109,181,182,188,191,203,207,241,264,274"
Melissus Paulus,89425654,Q882363,"10,16,61,152,182,183,200,204,230,232"
Melo: Johannes de -,,,123
Menagius Aegidius,2479653,Q648856,49
Menapius (de l'Isle) Gulielmus,97923660,Q55124633,132
Mencken Johannes Burcardus,,,192
Mendes de Aguiar Ludovicus,,,309
Meneust F.,,,134
Menius Fridericus,23070242,Q5984508,"260,262"
Mercator Gerardus,30352476,Q6353,"155,284"
Mercurialis Hieronymus,22191701,Q980560,"36,62"
Mercurius veridicus ex Hungaria,,,216
Mérimée Prosper,,Q160333,70
Merone Emilio,64942127,Q764042,65
Mersenne Marin,41843933,Q188663,"127,134"
Messenius Johannes,,,277
Meursius Johannes,100203633,Q547901,"132,264"
Mewe William,37262171,Q8015597,167
Meyerus Livinus,71417295,Q97068070,154
Mezzo: see Medius.,,,
Michalo Lithuanus,,,245
Mickiewicz Adam,,Q79822,29
Mick' Quirinus,,,"233,285"
Micyllus Jacobus,,Q84776,182
Migne J.P.,,Q326431,134
Mihai'ov G.,,,92
Mikojan Anastas,,,254
Miles (Cavaleiro) Stephanus,,,118
Milton John,,Q79759,"52,61,84,107,164,167,175,275"
Miñana Josephus Emmanuel,2492434,Q54921674,110
Minturnus Antonius,29685362,Q605110,62
Mir Joseph M.,4526589,Q12900542,113
Mittler Th.,,,324
Mizuno Aritsuno,,,320
Moccia Johannes,,,127
Modrevius Fricius Andreas,46807645,Q728305,246
Mogyorossy: see Avellanus.,,,
Möller Gregorius Petri,,,270
Moller Paul M.,,,266
Molière J.B.,2474502,Q687,"47,107,137,140,145,217"
Molina Johannes Ignatius,,,304
Molina Ludovicus,,,102
Mollerus Henricus,,,274
Mollerus J.,,,"264,265,272"
Mollin N.,,,259
Mo'za Franciscus,,,61
Monavius Jacobus,,Q107975,182
Monsmoretanus Hubertus,257121388,,144
Montaltius L.: see Pascal Bl.,,,
"Montanus Aras, Benedictus",,,106
Montanus Henricus Osiliensis,,,258
Montesquieu Ch.-L. de,27069096,Q15975,133
Monti Vincenzo,,,91
"Montreuil (Monsteriolo), Jean de",,,128
Moorman Fridericus,,,180
Morabito Giuseppe,57008072,Q1243475,67
Morata Olympia,13107257,Q272798,31
Moravetz F.,,,233
Moravus Augustinus,63369636,,"229,230"
"More, Thomas",,Q42544,"31,36,113,138,164,165,284"
Moreira Hilarius,,,126
Morgagni Johannes Baptista,68968590,Q511841,66
Morhofius Daniel Georgius,24746228,Q99609,184
Morisot Bernardus,,,"132,285,302"
Morrell William,,,289
Mortensen Martinus,,,270
Moscherosch Johannes Michael,32079131,Q110729,183
Moschus,,,12
Miiller Gerard Frid.,,,255
Münster Sebastianus,51698921,Q61073,67
Müntzer Thomas:,,,
Mufioz Hieronymus,,,232
Muntaner Juan,,,107
Muratori Lud. Ant.,68933348,Q471529,66
Mure Adam,,,168
Muretus Johannes,55015569,,"127,128"
Muretus Marcus Antonius,,Q1345657,"57,61,130,132,137,139,146"
Murgatroyd Pau',,,312
Musaeus,,,13
Mussard Petrus,8330533,Q56006733,210
Mussatus Albertinus,,Q737321,"33,55,59"
Mussonius Petrus,,,139
Nachov Isaac,,,257
Nancelius Nicolaus,27117173,Q3340954,131
Naogeorgus Thomas,61559914,Q110708,"48,181,188"
Napier John,69004697,Q159592,169
Narssius Johannes,45152706,Q6216874,276
Naudaeus Gabriel,73857849,Q710176,"63,86"
Naugerius (Navagero) Antonius,64016044,Q172308,"61,83,152"
Nebrissensis (de Lebrija) Antonius,71379496,Q380804,"104,109,111,114,115,118,120"
Negrone (Nigronius) Johannes Baptista,,,69
Nemesius Emesenus,,,13
Neniczka Janus,,,250
Neumarkt: see Johannes Noviforensis.,,,
Neustetter Erasmus,,Q998390,182
Newton Isaac,,,"166,169"
Niavis (Schneevogel) Paulus,,,180
Nicetas Callistus,,,312
Nicolai Bero,,,274
Nicolai (Nielsen) Laurentius,24734152,Q4590689,269
Nicolaus Cusanus,89623095,Q154751,"25,179,191"
Nicolaus Grudius,,,"152,153"
Nicole Pierre,,,134
Nielsen: see Nicolai and Nilsson.,288770109,,
Nilsson Jens,,,"263,269"
Nizolius Marius,10640980,Q352573,62
Nodotius Franciscus,,,13
Noël Franciscus,9888919,Q506728,322
Nogaro'ae sorores,,,31
Novak Jan,116710070,Q112387122,"188,233"
Nowowjeski Rudolf,,,244
Oakes Uriah,,,290
"Oberstain, Paulus de",,,97
Ockham William,41835567,Q43936,23
O'Connell Robert,,,172
Odasi Tifo,19831274,Q3856850,60
O'Ferrall Richard,1373152636170119938048,,172
Olahus Nicolaus,9923869,Q497524,"178,214,221,223"
Oldoinus Augustinus,89318352,Q4821254,73
Olesnicki Zbigniew,37308299,Q168150,240
"Oliveira, Clemente de-",99299938,,120
"Oliveira, Timoteo de-",,,125
Olivetus Josephus,,,147
Olivierius Johannes Baptista,,,256
Olizarovius A.A.,,,246
Olmo Michael,,,"112,113"
Opitz Martinus,,Q60946,"29,49,53,181,196,200"
Orfelin Zacharias,3268744,Q2983199,95
Origenes,,Q170472,13
Orlandini Nicolaus,2813152,Q7024607,66
"Orozco, Alfonsus de-",73917247,Q2056008,109
Orphica,,,13
Ortelius Abraham,32104723,Q232916,155
Orzelski Stanislaus,,,251
Osorius Hieronymus,,Q6185660,"119,120"
Ostrorog Johannes,,,240
Othonia Johanna,,,31
Otto Freisingensis,,,23
Oudin Franciscus,61578254,Q30100207,138
Oudin Nicolaus,,,64
Ovidius,,Q7198,"1,13,19,22,100,152,181,197,207,231,243,268,295,298,308,316,320"
Owen Goronwy,,,171
Owen (Audoenus) Johannes,,,"170,265"
Pacificus Maximus,59235606,Q55874870,58
Padberg-Drenkpol Augustus,3847419,Q94944302,309
Paganinus Gaudentius,88607494,Q2046132,210
Pereira Thomas,,Q2735436,324
Palacky Franciscus,61602031,Q159642,233
Palaeologus Johannes,,,85
Palata Franciscus,,,233
Palearius Aonius,,,"61,298"
Palingenius Stellatus Marcellus,39494118,Q261554,61
Palladius Domitius,2601470,Q94909595,74
Palmarius (Le Paulmier) Julianus,14922874,Q3189557,231
Palmotta Junius,,,277
Palmyrenus Johannes Laurentius,121940484,,"108,109,116"
Pannonius: see Janus.,,,
Perez: see Petreius.,,,
Panofsky Erwin,76321051,Q57656,193
Panormitanus: see Beccadellius.,,,
Paoli Ugo Enrico,,,65
Papaeus Petrus,,,"108,151"
Paraeus (Wängler) Johannes Philippus,31987477,Q110381,222
Parkhurst John,,,75
Parmenius Stephanus,15116568,Q850841,"214,285"
Parrales Ignatius,,,300
Parreño Josephus Julianus,25806617,Q4345807,303
Parthenius Antonius,36346776,Q28479498,6
Parthenius (Mazzolari) Johannes M.,,,64
Paruta F.,,,76
Pascal Blaise,,Q1290,134
Pascalis Ludovicus,,Q3839138,93
Pascoli Johannes,,Q375998,"27,46,65,73,156"
Pasquier (Paschasius) Stephanus,61560863,Q290040,137
Passerinus Aloysius,,,18
Pastorius Joachim,,,245
Paulmier: see Palmarius.,,,
Paulus III,,Q133001,"74,296"
Paulus Aegineta,,,209
Paulus Crosnensis,188916297,Q11814534,"239,242"
Pauthier Jean-Pierre,,,324
Pecci: see Leo XIII.,,,
Peckham Johannes,,,24
Pedersen Christianus,37265876,Q219010,263
Pedioneus Rhaetus Johannes,,,207
Peerlkamp Petrus Hofman,,,"155,156,157"
Pekkanen Thomas,32119968,Q773250,279
Pelbartus a Temesvár,,,215
Pélerin (Viator) Jean,,,140
Peletier Jean,,,"46,47"
Pereira Bartholomaeus,68507159,Q94685448,122
Pereira P.,,,43
Perger Bernardus,46898743,Q19935841,"97,100"
Peron Joachim,,,133
Perizonius Jacobus,57415655,Q963519,109
Perottus Nicolaus,39475804,Q326037,"56,85,97,149"
Perpinianus Petrus Joh.,,,"119,122"
Persius,,,13
Petavius Dionysius,51717250,Q1187608,140
Pętkowski Georgius,53142479,Q63120874,244
Petraeus Eskil,,Q6045757,278
Petraeus (Pederssnn) Gabelus,,,268
Petrarca Franciscus,,Q1401,"8,9,14,16,18,19,22,27,29,33,41,44,45,46,54,55,56,78,79,87,107,127,128,129,144,151,154,210,229,264,274,290"
Petreius (Perez) Johannes,15200142,Q6073580,108
Petreius T.,120778020,Q3526478,35
Petri Elias: see Hasselgreen.,,,
"Petri Laurentius, Gothus",,Q935691,
"Petri Theodoricus, Nylandensis",307171231,Q1661043,"23,276"
Petriccioli Giuseppe,,,"30,31"
Petronius Arbiter,95155909,Q47180,"13,267,288,293"
Petrus Blesensis,,Q926670,23
Petrus Cyrnaeus,17211623,Q3377683,69
Petrus de Dacia,,,223
Petrus Trudonensis,,,34
Peutinger Conradus,,Q60958,"181,189"
Phaedrus,,,14
Philaras Leonardus,101179452,Q3557889,84
Philelphus (Filelfo) Franciscus,5000255,Q4622,"36,58,59,118"
Phragmenius Jonas Johannes,255654595,Q111169543,260
Piae Camiones,,,"23,276"
Piccolomini Alessandro,,,108
Piccolomini Enea: see Aeneas Silvius.,,,
Pico della Mirandola Giovanni,,Q182128,"60,64,209"
Pigato Giovanni Battista,60833820,Q3766733,64
Pilarz A.,,,233
Pilatus Leontius,,Q1248865,"9,87"
Pilardius Laurentius,,,138
Pindarus,,Q134929,"14,135,144,243"
Pinto de Carvalho A.,,,123
Pinus (des Pins) Johannes,,,"131,135"
Pirkheimer Bilibaldus,27173507,Q62663,"96,188,189"
Piso Guiielmus,,,309
"Pistorius Nidamus, Johannes",,,252
Pistorius Rutgerus,,Q63863153,"258,259"
Pitcairn Archibald,,,169
Pius II: see Aeneas Silvius.,,,
Pius I,,,311
Pius XII,63987052,Q2604,66
Placcius Vincentius,,Q7932005,285
Plantin Christophorus,,,"106,215"
Platina Bartolomaeus,99950542,Q455140,59
Plato,,Q859,"5,14,60,98,112,124,229"
(Pseudo-)Plato,,,14
Plautus,,Q47160,"14,135,151,153,267"
Plinius Major,,Q82778,313
Plinius (Plón) Basilius,,,"260,261"
Plinius (Plieningen) Johannes,,,182
Plinius (Plieningen) Theodoricus,,,182
Plutarchus,,Q41523,"14,15,17"
Podossinov Alexander,172180911,Q15080872,257
Poggio Bracciolini Nicolaus,,Q318254,"22,45,57,83,97,165,229,274"
"Polignac, Melchior de",89067645,Q1247737,"137,298"
Politianus Angelus,,Q250414,"6,12,17,18,20,45,58,59,107,114,118,129,219"
Polotskij Simon,,,254
Polybius,,,15
Pomponazzi Pietro,27113040,Q318787,60
Pomponius Laetus,,Q523923,"15,56,58,134,181"
Pomponius lela,,,15
Pontanus Jacobus,352137,Q3157628,"186,231"
Pontanus Johannes Jovianus,,Q714946,"47,58,59,60,104,107,129,170,180,230"
Pontanus Petrus,,,"130,153"
Pontoppidan Ericus,,,269
Pontus de Tyard,,,"127,136"
Porcarius (Swinka) Adam,,,242
Porcellius Jacobus,,,"58,69"
Porée Franciscus C.,,,140
Porthan Henricus G.,36908769,Q333651,280
Portius (Porzio) Simon,,Q669191,62
Possevinus Antonius,64050358,Q548115,259
Portellius Gulielmus,,,127
Posthius Johannes,,,"182,199"
Povsic Boleslaus,,,293
Powell Griffith,10196680,Q5608910,171
Praschius Johannes Lud.,32338191,Q1544912,189
"Pratel , A.Fr. de -",,,133
"Presles, Radulfus de",,,128
Preuschhoff Johannes Antonius,127439326,Q97118846,249
Priapea,,,15
Proafio Manuel José,,,301
Proba,,,31
Progher J.M.,,,70
Prokopovitch Theophanes,44386110,Q348899,255
Propertius,,,"15,242"
Proxenus Simon,,,231
Prudentius,,,279
Prygl Tyfernus Augustinus,,,97
Publicius Johannes,,,104
"Pueyo, José de",,,107
Pufendorf Samuel,,,191
Purkircher Georgius,38476934,Q56389211,216
Puteanus Erycius,,,"153,158"
Pylarinus Jacobus,304917391,Q3805924,85
Quadrigarius: see Chartier.,,,
Quatrarius Johannes,34883634,,56
Quevedo Francisco,56604566,Q201315,277
Quillet (Caividius) Claudius,42775199,Q2978018,"137,276"
Quintianus Stoa Johannes Franciscus,,,59
"Quintiis, Camillus Eucherius de",52624961,Q112467240,64
Quintilianus,34451872,Q193769,"15,22,124"
Quintinus Johannes,,,103
Quintus Smyrnaeus,,Q352702,243
Rabelais François,172635016,Q131018,136
Rabensteinius Johannes,,,229
Racine Jean,88809641,Q742,136
Radke Anna,29779066,Q2850488,"31,186"
Rädle Fidel,68948582,Q103499,186
Ragenau Franciscus,,,287
Rakovius Martinus,,,234
Ramirez Villaescusa Didacus,,,105
Ramus Daniel,,,"204,269"
Ramus Petrus,39399236,Q376124,"131,134,142"
Rangona Costanza,,,130
Ransanus Petrus,,,"67,215"
Ranzovius (Rantzau) Henricus,,Q514079,"30,266"
Rapinus Renatus,46961,Q511359,"127,137"
Rasse de Brunhamel,2329263,,127
Rauher Christophorus,,,97
Raumannus Johannes,62460033,Q5412700,278
Ravn Η.M.,,,273
Ray John,,,166
Regel Ed.,,,192
Reginus Laurentius,,,93
Regius: see Leroy,,,
Regnard Jean-François,,,283
Reicherstorffer Georgius,67283846,Q112433937,223
Reizius Fridericus V.,5682528,Q1425636,270
Relandus Hadrianus,56913917,Q247320,"152,154"
Remaclus Arduenna,18036550,Q114245278,"134,135,152,168"
Rembrandt van Rijn,,,155
Resendius Andreas,120700950,Q268083,"118,119,121,126"
Resenius P.,,,273
Resta Barrile Anna,,,31
Restius Junius,,,95
Restrepo Daniel,24149099,,300
Rettenpacher Simon,,Q94490,"183,186"
Reuchlin (Capnion) Johannes,,Q61067,"139,179,186,188,191,"
Reuss Franciscus Xaverius,89357531,Q97063681,177
Reynolds J.N.,,,290
Rhaudensis (de Rho) Antonius,65524219,Q3620366,10
Rhedinger Nicolaus,,,182
Rhellicanus (Müller) Johannes,,Q29345298,206
Rhodius Theodorus,89399917,Q18223654,187
Rhys Sion David,5027789,Q18325032,171
Ribera Juan,,,115
Ricci Matthaeus,69722279,Q233340,322
Richelieu,,,"137,285"
Rickett Johannes,,,167
Rieger Urbanus,,,195
Rigord Aloysius,,,102
Rinucius Aretinus,,,"4,14"
Rivius Johannes,,,259
Robeck J.,,,279
"Rochefoucauld, François de la -",,,245
Rodriguez Josephus,,,302
Rodriguez Josephus Ignatius,,,302
Rodriguez de Mello Josephus,70075417,Q109857225,308
Roenickius Johannes Tobias,3407115,Q55126129,184
Rogge Cort,,,274
Rolevinck Werner,,,42
Rolland Romain,,,127
Romanus (Van Roomen) Adrianus,,,"155,158"
Romanyà Jacobus,,,108
Rιmer Olaus,,,268
"Ronsard, Pierre de",,,"142,152"
Rontus Matthaeus,316463691,Q110933850,86
Roselli Cecconi Mario,254362044,Q20968489,"69,70"
Rosenkrantz Jorgen,,,265
Roskilde P.J.,7736149296171180670004,Q6080371,273
Ross John,,,174
Rostowski Stanislaus,12709645,Q6535727,245
Roth Fridericus,,,193
Rothe David,,,"171,173"
Rotius Carolus,4191161211775039832064,,"65,66,74,122"
Rougeart Jucquel,,,143
Rousseau Jean-Jacques,,,218
"Royzius Maurus, Petrus",36908544,Q94936170,"105,240"
Ruaeus Carolus,39400585,Q1238942,140
Rubigallus Paulus,,,234
Rudbeckius Olaus,17261560,Q350198,277
Ruggles Georgius,67531261,Q18810739,"166,167"
Ruuth: see Petri Theodoricus.,,,
Rychlewska Ludovica,60414331,Q28653954,247
"Saa , Jacobus a",,,120
"Sabellicus, Marcus Antonius",12414496,Q708493,268
Sabinus Georgius,771155,Q69731,"182,199,241,242"
Sachs Hans,,Q19543,186
Sadoletus Jacobus,76326881,Q682478,59
Sadolinus Johannes,40213036,Q6087927,265
Sagan Françoise,96464325,Q1646,218
Sallustius,,Q782401,"16,149"
Salutatus Coluccius,61554735,Q93113,"56,127,136"
"Salviatis, Georgius Benignus de",89093600,Q261218,91
Sambucus (Zsamboky) Johannes,,Q931436,"61,215,216,217,221"
Sammarthanus (de Sainte-Marthe) Carolus,,,132
Sammarthanus Scaevola,68983581,Q2471259,137
Sanchez Franciscus,,,"109,111"
Sanchez Vallejo Franciscus,,,29
Sanctius: see Sanchez.,,,
Sanctius Petreius,,,119
"Sande, Eduardus de",,Q6822593,319
Sanderus Antonius,,Q2131492,
Sangiovanni Eduardus,,,292
Sannazarius Jacobus,87990970,Q510621,"45,58,94,165,207,298"
Sanoceus Gregorius,304577101,Q530956,240
Santenius Laurentius,,,"152,154"
Santerna Petrus,,,121
Santolius (Santeul) Claudius,,,137
Santolius Johannes Baptista,20008,Q1243332,137
Sapidus (Witz) Johannes,,,187
Sappho,,Q17892,"16,102,212"
Sarbievius Matthias C.,36947664,Q471723,"61,63,239,242,243,249"
Sarmiento Raymundus,,,303
Sarneel Petrus,,,309
Satyricon Asini vapulantis,,,189
Sautel P.J.,,,137
Savastanus Franciscus,54885523,Q4403688,64
Savelli Giuseppe Antonio,,,69
Saxo grammaticus,,Q106837,263
Scalichius Paulus,71735566,Q1396063,94
Scaliger Julius Caesar,,Q441066,"28,32,61,130,135,138,143,186"
Scaliger Justus Josephus,29540435,Q315163,"61,86,149,158,159"
Seldenus J.,,,311
Selijns Henricus,,Q55861790,291
Semperius Andreas,15615495,Q11905534,109
Seneca rhetor,,Q273671,"15,16"
Seneca tragicus et philosophus,90637919,Q2054,"6,16,54,55,153,312"
Senghor Louis,,,312
Sepulveda Johannes Genesius,39405614,Q940132,"110,111,116,284,301"
Sergardi (Q.Sectanus) Ludovicus,32025502,Q3836387,"63,64"
Seron Antonius,,,106
Serra Johannes,76350809,Q112434757,147
Serrano Thomas,188699387,Q16640872,107
Serranus Lupus,,,119
Servetus Michael,,,106
Scebernas Franciscus,,,102
Servius,,Q355350,17
Schacht Matthias,,,266
Schall von Bell Johannes Adamus,64800026,Q76732,322
Sforza Francesco,,Q310536,30
Schrader Johannes,,Q21544155,28
Sforza Ippolita,,Q2469233,31
Shakespeare W.,,,"59,246"
Shelley P.B.,,,167
Sidney Phillip,71397821,Q315509,174
Siemienowicz Carolus,,,247
Sigea Luisa,,Q3072158,"31,105,132"
Sigonius Carolus,,,62
"Sigüenza y Gongora, Carlos de",,,297
Silius Italicus,27071645,Q316123,17
"Silva, L.W. de",,,316
"Silveira, Christoväo da",,,123
Silvester Janus,,,"170,217,221"
Simler Josias,,,"209,211"
Simon Ed.-Th.,,,138
Simonides Simon,,,"243,244"
Simons Josephus,69799707,Q3810270,167
Sinapius Daniel,,,234
Sisgoreus Georgius,,Q1401220,"93,97"
Sixtus IV,37712552,Q163514,"74,75"
Schuurman Anna Maria,54190263,Q255261,31
Schwandtner J.G.,251145858169223022522,,"222,235"
Schwindrazheim Johannes Ulrich,,,185
Scioppius Gaspar,,Q87581,109
Scott John,,,169
Scotus: see Johannes Duns Scotus.,,,
Scribani Carolus,17247790,Q39072817,154
Sectanus: see Sergardi,,,
Secundinus (Sagondino) Nicolaus,,,85
Secundus: see Janus,,,
Seidel Wolfgang,,,195
Skelton John,29549101,Q638589,165
Skulason Thorlakur,,Q16421554,269
Slechta Johannes,,,"228,229"
Sleidanus Johannes,,,"190,203"
Smerdel Ton,22056639,Q12898765,95
Snellman Johannes Gulielmus,,,283
Soarez Cyprianus,12419980,Q5200392,"119,187"
Sobieski Jacobus,62348065,Q2673314,245
Sobrarius Johannes,,,109
Solinus,,,17
Schaton Vladimir,,,247
Schede: see Melissus.,,,
Schefferus Johannes,,,276
Scheit J.V.,,,139
Schesaeus Christianus,,Q861327,"215,223,227"
Schifaldus Thomas,88797573,Q88178810,67
Schiller Friedrich,96994450,Q22670,"203,208,233"
Schmitz J.Jos.,40285116,,192
Schnur (C.Arrius Nurus) Harry,64809686,Q84403,292-3
Schoepperus Jacobus,122284849,Q55193565,187
Scholirius Petrus,309696253,Q27537242,154
Scholzius Laurentius,,,182
Schonaeus Cornelius,,Q2707820,"151,154,278"
Schoneus Andreas,5749370,Q55945782,242
Schopenhauer Arthur,,Q38193,191
Schottenius Henricus,,,"30,188"
Schottus Petrus,76748134,Q1518911,228
Sixtus V,7525513,Q133350,319
"Solorzano Pereira, Johannes de",66550594,Q3187841,301
Sommer Johannes,15027478,Q1101204,"223,225,227"
Sovret Anton,,,98
Sozomenus,305409681,Q354350,312
Sozzini Faustus,41890089,Q505037,246
Specht Nicolaus,,,260
Spenser Edmund,100170015,Q4352055,"166,176"
Sperlingius Otto,59989592,Q21165032,266
Spinoza Baruch,,Q35802,"122,155,268"
Sprenger Jacobus,,,191
`Spungjanskis Georgius,,,261
Stanihurst Richardus,67392027,Q7329217,"171,173"
Starovolscius Simon,,,245
Statius Achilles,96355057,,"17,121"
Statius Papinius,,,269
Stay Bernardus,,,"94,99"
Stefansson Sigurdur,,,269
Stefonius Bernardinus,,,"63,75"
Stella Julius Caesar,,,285
Stemmonius Malmedianus Johannes,,,"130,145"
Steno Nicolaus,,,268
Stephanius H.,76608069,Q440702,273
Stephanius Stephanus,,,263
Stephanus (Estienne) Henricus,,Q664748,"134,141"
Sterck: see Fortis.,,,
Stern Julius,,,186
Sterne Lawrence,,Q218960,172
Stettler Hieronymus,,,209
Stevenson Robert,,,218
Stiernhielm Georgius,4954796,Q514315,277
Stieröchsel: see Taurinus.,,,
Stigelius Johannes,15204756,Q1539176,"181,182,199"
Stobaeus,164895588,Q444079,17
Stojkovic: see Stay.,,,
Strabo,,Q45936,17
Straccha B.,,,121
Strada Famianus,,Q2531858,"63,122"
Stradling Johannes,44651439,Q7528101,170
Stratenus Petrus,,,"152,154"
Streda: see Johannes Noviforensis,,,
Stroh Wilfried,278969888,Q103534,"188,312"
Strozza Hercules,120786217,Q2258340,58
Strozza Titus Vesp.,,,"58,118"
Strub Arbogast,5726547,Q94893182,"206,207"
Struthius Josephus,,Q1715111,247
Stuckius Johannes Gulielmus,79252936,Q17414317,209
Sturmius Johannes,19692723,Q66382,"195,196"
Sturtzius Christophorus,8441114,Q55904820,"259,260"
Stymmelius Christ.,,,188
Suarez Franciscus,,,"106,112"
Suetonius,,,"15,17"
Suffridi Petrus,,,159
Suisethus (Swineshead) Richard,,,23
Sulpicia,,,31
Sulpicius Verulanus Johannes A.,,,"15,56"
Surigonus Stephanus,56481009,,"33,83,149,165"
Surius Johannes,,,140
Surius Nicolaus,,,154
Svabo Jons Christian,,,270
Svenonius (Sveinsson) Brynjulfus,,,269
Swedenborg Emmanuel,,,"278,279"
Swift Jonathan,14777110,Q41166,"172,267"
Swinka: see Porcarius.,,,
Swoboda Venceslaus Aloysius,52048247,Q11985378,233
Tacitus,100226923,Q2161,"6,17,18,153,189,221"
Tana Eiichiro,,,320
Tardif Gulielmus,,,131
Tasso Torquato,4936996,Q168962,"19,29,45,73,107,275"
Tate Robert,44206763,Q21557439,173
Tatius Alpinus Marcus,,Q120942,213
Taubmannus Fridericus,13080012,Q1462474,"183,260"
Taurinus (Stieröchsel) Stephanus,44652109,Q727133,229-30
Teixeira Lud. (I et II),,,"118,125"
Telesius Bernardinus,49220528,Q457986,62
Terentius,,Q172048,"18,136,151,278,311,312"
Terpager P.,,Q6206243,273
Tevius (Teile) Jacobus,,,"119,120"
Thalnitscher (Dolnicar) J.G.,,,98
Theognis,,Q336115,18
Theophrastus,,,"18,85"
Theresa de Avila,95217173,Q174880,116
Thomaeus Leonicenus Nicolaus,22293638,Q711573,"88,89"
Thomas Aquinas,,,"69,122"
Thomasius Chr.,61657051,Q57501,311
Thompson William,,,173
Thomson Douglas,,,287
Thorkelsson Jon,,Q16429713,270
Thuanus (de Thou) Jacobus,,Q1312086,"131,139"
Thucydides,,Q41683,325
Thura Albertus,17573615,Q12300883,"264,266"
Thuronius Andreas,,Q11851351,278
Tibullus,100219266,Q109598,103
Timaeus Tauromenitanus,291870274,Q367298,18
Timmermann Ulf,7675155,,270
Tiraboschi Girolamo,,Q978614,66
Toppeltinus Laurentius,,Q112432892,225
Torfaeus Thormod,,Q335614,"268,270"
Torinus Albanus,17335205,Q119003,209
Tortellius Johannes,,,"56,118"
Tragus: see Boccius,,,
Trautwein Gregorius,5879568,Q110137193,291
Travers Janus,,,213
Traversarius Ambrosius,29617842,Q458842,"7,67"
Tricesius Andreas,,Q515725,242
Trithemius Johannes,95227412,Q60178,"179,189"
Tronskij Joseph M.,,,257
Tronus Valerius: see Cicuta.,,,
Tuccius Stephanus,,Q59533652,63
Tulp Nicolaus,54933735,Q630646,155
Turgenev Ivan,41847346,Q42831,256
Turnebus Adrianus,,Q376210,"134,135"
Turzo Stanislaus,35631755,Q344032,228
Tusiani Joseph,105413311,Q3810279,292-3
Tyrrell R.Y.,,,173
Ugolinus Pisanus,,,104
"Ulenbrock, Henricus ab",,,260
Ulicovius Georgius,,,246
Ulpianus,,,18
Ulvichius Johannes,,Q28720651,275
Urbanus VIII (Maffeo Barberini),,Q131579,"46,63,74,172,243"
Urceus Codrus,66577430,Q217547,"23,58,210"
Urquiola Josephus Antonius,,,113
Vadianus Joachim,29572382,Q116098,"97,206,211,213"
"Vaissiére, Emmanuel de",89521777,,"138,139"
Varchius Johannes Georgius,,,48
"Valdes, Rodrigo de",38807877,,"117,307"
Valerius Maximus,,Q379991,18
Valéry Paul,61553403,Q200639,19
Valerius ( de Valois ) Hadrianus,,,137
Valignanus Alexander,76359221,Q2091318,319
Valla Laurentius,,Q214115,"7,15,22,27,45,46,56,58,110,118,128,210"
"Vallata, Johannes de",,Q76325,104
Vallauri Thomas,25489276,Q2440877,102
Van Hese Jan,,Q112709935,163
Vanierius Jacobus,,,"136,137"
Vannetti Clementino,,,66
Varanius Valerandus,95330072,Q18398264,137
Varchius Benedictus,46868282,Q176833,45
Varenius Bernardus,,,"192,320"
Varro Reatinus,,,18
Vasaeus Johannes,,,311
Vasalli Michael Antonius,,,"102,103"
Vascus de Quiroga Johannes,,,298
Vassallo Pasquale,,,101
Vaughan Henry,,,171
Vaughan Thomas,,,"170,171"
Vaughan William,,,170
Vavasseur Franciscus,34201,Q15458991,143
Vazquez Dionysius,3643251,Q55911718,109
Vegetius,,,19
Vegius Maffeus,17232779,Q1372875,"4,19"
"Velasco, Johannes de",,,296-7
Venegas Michael,,,108
Verancius (Wrancius ) Faustus,,,94
Verardus Marcellus,,,59
Verbiest Ferdinandus,,,322-3
Verelius Olaus,63994554,Q445867,277
Vergerius Petrus Paulus,,Q737756,"96,215"
Vergilius,8194433,Q1398,"1,19,32,59,103,130,137,138,153,168,181,189,197,230,237,249,264,285,289,291,295,297,298,300,308,316,320"
Vergilius Polydorus,,Q741149,"21,165"
Verinus Ugolinus,49402513,Q741841,58
Vernulaeus Nicolaus,,,151
Verzosa Johannes,9980692,Q511261,106
Vesalius Andreas,51696979,Q170267,155
Vespucci Amerigo,,Q47674,"190,284,325"
Viator: see Pélerin.,,,
"Viau, Théophile de",,,131
Vico Gianbattista,,Q178709,"51,62"
"Victoria, Franciscus de",265993805,Q312384,"111,285"
Vida Marcus Hier.,100162370,Q1340193,"59,94,130,138,207,298"
Vidalinus Páll,,Q3962835,272
"Vidalinus Paulus, Bernardi f.",,,270
Viel Stephanus,29095710,Q94636990,291
Vigilantius: see Gregorius Samboritanus.,,,
Villon François,,Q849,128
Viñas Thomas,51396217,Q27727983,"113,115"
Viperanus Johannes Antonius,100214318,Q3107012,"62,186"
Viruli Carolus,29887308,Q5045295,149
Viscido Laurentius,70381660,Q113778850,292
Visliciensis Johannes,54135810,Q3505401,"242,244"
Vitalis Janus,89522903,Q5926148,"67,285"
Vitéz Johannes,305405868,Q549965,"214,215"
Vitriolus Didacus,,,"65,102"
Vitruvius,,Q47163,19
Vives Johannes Ludovicus,71399403,Q316357,"31,32,39,104,105,106,109,110,111,112,113,115,133,135,158,165,172,210,296"
Voetius P.,70032819,Q2064260,311
Volta Alessandro,9950567,Q680,66
Voltaire Fr.-M.,,,"140,217,291"
"Vondel, Joost van den",61555829,Q312673,151
Vossius Gerardus Batavus,7415128,Q785925,"145,155,159"
Vriemoet E.L.,25699206,Q1339028,159
Vroom H.B.,39755555,Q20156073,156
Vuillemain: see Guillemain.,,,
Vulcanius Bonaventura,77391,Q892143,"149,159"
White Andreas,25806526,Q508699,289
White Peter,,,171
Widl Adamus,1081400,Q55903822,183
Wierus Johannes,,Q719711,155
Wiesmann Peter,,Q12901471,208
Willi Pirminus,,,208
Williams Francis,,,295
Wills Richard,,,166
Wilson Samuel,,,292
Wimpfelingius Jacobus,19699237,Q71848,"186,189,195"
Winmannus Nicolaus,,,210
Winsemius Petrus,,,269
Witz: see Sapidus.,,,
Wivallius Lars,,Q246991,277
Wolff Christian,,Q76510,"191,217,323-4"
Wolff Friedrich August,45080401,Q65337,185
Wormius Olaus,,,267
Wrancius: see Verancius.,,,
Vulgata,,,"19,131"
Xenophon Atheniensis,,,19
Wacker J.,,,182
Wadding Lucas,,Q1771793,"171,172"
Wingler: see Paraeus.,,,
Waldseemüller Martinus,27366067,Q57197,"190,284"
Wallin Georgius,,,277
Wallius Jacobus,,,154
Walther Chr. Fr.,,,256
Waltherus Castillionensis (of Châtillon),100212859,Q5198,"22,23"
Ware James,,,173
Weller Hermann,44609393,Q71597,185
Welserus Matthias,,,190
Wendelinus Godefridus,37002606,Q735426,155
Wendrockius: see Nicole Pierre.,,,
Westhovius Willichius,24892912,Q109854362,265
Westman Rolf,,Q16991401,279
Westonia Elisabeth,18052286,Q2563872,"31,230"
Wexionius Michael,7766791,Q1389332,278
Yepez Arboleda Franciscus,,,301
Zamagna Bernardinus,52500839,Q3638810,"94,99"
Zambeccarius Franciscus,305991296,,"10,11"
Zambettus Bartholomaeus,66520793,Q112393125,104
Zammit Josephus,,,102
Zanchius Basilius,,Q2886881,"61,105"
Zasius Udalricus,,,191
Zevecotius Jacobus,45392802,Q55127454,"61,154"
Ziliolus Zilioli,30075449,,59
Zincgref Julius,61572643,Q91923,198
Zorrilla Alfonsus,,,109
Zovenzonius Raphael,3542658,Q98478165,"96,97"
Zovitius Jacobus,296546670,Q15876822,151
Zsamboky: see Sambucus.,,,
Zwinger Theodor,3266789,Q116094,207
Zwingli Ulrich,71399367,Q123034,210
